Worker_ID,Worker_Type,Home_Store_ID,Employment_Type,Home_Shift,Experience_Band,Join_Date,Weekly_Off_Day,Active_Flag
P_DS001_001,Picker,DS001,Regular,Night,New,2024-06-19,1,True
P_DS001_002,Picker,DS001,Regular,Morning,Experienced,2025-10-20,2,True
P_DS001_003,Picker,DS001,Regular,Evening,Senior,2025-02-21,3,True
P_DS001_004,Picker,DS001,Regular,Night,Senior,2026-01-11,4,True
P_DS001_005,Picker,DS001,Regular,Morning,New,2026-03-06,5,True
P_DS001_006,Picker,DS001,Regular,Evening,Experienced,2025-08-11,6,True
P_DS001_007,Picker,DS001,Regular,Night,Experienced,2025-05-13,7,True
P_DS001_008,Picker,DS001,Regular,Morning,Experienced,2024-02-22,1,True
P_DS001_009,Picker,DS001,Regular,Evening,Senior,2024-01-25,2,True
P_DS001_010,Picker,DS001,Regular,Night,Experienced,2024-03-17,3,True
P_DS001_011,Picker,DS001,Regular,Morning,New,2025-01-03,4,True
P_DS001_012,Picker,DS001,Regular,Evening,Senior,2024-07-08,5,True
P_DS001_013,Picker,DS001,Regular,Night,Experienced,2024-05-20,6,True
P_DS001_014,Picker,DS001,Regular,Morning,New,2025-12-12,7,True
P_DS001_015,Picker,DS001,Regular,Evening,Senior,2024-11-10,1,True
P_DS001_016,Picker,DS001,Regular,Night,Experienced,2026-03-18,2,True
P_DS001_017,Picker,DS001,Regular,Morning,Experienced,2025-11-22,3,True
P_DS001_018,Picker,DS001,Regular,Evening,Senior,2025-09-12,4,True
P_DS001_019,Picker,DS001,Regular,Night,Experienced,2024-09-18,5,True
P_DS001_020,Picker,DS001,Regular,Morning,Experienced,2024-10-15,6,True
P_DS001_021,Picker,DS001,Regular,Evening,Experienced,2025-08-06,7,True
P_DS001_022,Picker,DS001,Regular,Night,Experienced,2026-01-25,1,True
P_DS001_023,Picker,DS001,Regular,Morning,Experienced,2024-06-05,2,True
P_DS001_024,Picker,DS001,Regular,Evening,Experienced,2025-09-24,3,True
P_DS001_025,Picker,DS001,Regular,Night,Senior,2025-02-05,4,True
P_DS001_026,Picker,DS001,Regular,Morning,Experienced,2024-11-16,5,True
P_DS001_027,Picker,DS001,Regular,Evening,New,2025-09-19,6,True
P_DS001_028,Picker,DS001,Regular,Night,Experienced,2024-03-30,7,True
P_DS001_029,Picker,DS001,Regular,Morning,Experienced,2026-04-16,1,True
P_DS001_030,Picker,DS001,Regular,Evening,Experienced,2024-04-05,2,True
P_DS001_031,Picker,DS001,Regular,Night,Senior,2026-01-07,3,True
P_DS001_032,Picker,DS001,Regular,Morning,Experienced,2024-04-15,4,True
P_DS001_033,Picker,DS001,Regular,Evening,Experienced,2025-01-02,5,True
P_DS001_034,Picker,DS001,Regular,Night,Experienced,2025-10-03,6,True
P_DS001_035,Picker,DS001,Regular,Morning,Experienced,2024-02-11,7,True
P_DS001_036,Picker,DS001,Regular,Evening,Experienced,2025-08-22,1,True
R_DS001_001,Rider,DS001,Gig,Night,Experienced,2026-01-11,1,True
R_DS001_002,Rider,DS001,Gig,Morning,Experienced,2024-11-10,2,True
R_DS001_003,Rider,DS001,Gig,Evening,Experienced,2024-08-09,3,True
R_DS001_004,Rider,DS001,Gig,Night,Experienced,2025-02-03,4,True
R_DS001_005,Rider,DS001,Gig,Morning,Experienced,2025-09-27,5,True
R_DS001_006,Rider,DS001,Gig,Evening,Experienced,2025-01-13,6,True
R_DS001_007,Rider,DS001,Gig,Night,New,2025-09-19,7,True
R_DS001_008,Rider,DS001,Gig,Morning,Experienced,2025-11-12,1,True
R_DS001_009,Rider,DS001,Gig,Evening,New,2026-06-16,2,True
R_DS001_010,Rider,DS001,Gig,Night,Experienced,2026-05-20,3,True
R_DS001_011,Rider,DS001,Gig,Morning,Experienced,2026-04-09,4,True
R_DS001_012,Rider,DS001,Gig,Evening,Experienced,2026-05-12,5,True
R_DS001_013,Rider,DS001,Gig,Night,Experienced,2024-12-10,6,True
R_DS001_014,Rider,DS001,Gig,Morning,Experienced,2026-04-24,7,True
R_DS001_015,Rider,DS001,Gig,Evening,Experienced,2025-05-27,1,True
R_DS001_016,Rider,DS001,Gig,Night,Senior,2026-02-11,2,True
R_DS001_017,Rider,DS001,Gig,Morning,Senior,2025-11-01,3,True
R_DS001_018,Rider,DS001,Gig,Evening,Experienced,2024-11-01,4,True
R_DS001_019,Rider,DS001,Gig,Night,New,2025-07-24,5,True
R_DS001_020,Rider,DS001,Gig,Morning,Senior,2025-12-18,6,True
R_DS001_021,Rider,DS001,Gig,Evening,Experienced,2025-09-29,7,True
R_DS001_022,Rider,DS001,Gig,Night,New,2025-11-05,1,True
R_DS001_023,Rider,DS001,Regular,Morning,Experienced,2024-12-14,2,True
R_DS001_024,Rider,DS001,Gig,Evening,Senior,2026-03-29,3,True
R_DS001_025,Rider,DS001,Gig,Night,Experienced,2024-09-23,4,True
R_DS001_026,Rider,DS001,Gig,Morning,Experienced,2024-11-21,5,True
R_DS001_027,Rider,DS001,Gig,Evening,Experienced,2025-06-29,6,True
R_DS001_028,Rider,DS001,Gig,Night,New,2026-03-26,7,True
R_DS001_029,Rider,DS001,Gig,Morning,Senior,2026-05-19,1,True
R_DS001_030,Rider,DS001,Gig,Evening,Senior,2024-10-03,2,True
R_DS001_031,Rider,DS001,Gig,Night,New,2026-04-18,3,True
R_DS001_032,Rider,DS001,Gig,Morning,New,2025-05-15,4,True
R_DS001_033,Rider,DS001,Regular,Evening,Senior,2024-08-06,5,True
R_DS001_034,Rider,DS001,Gig,Night,Senior,2025-04-05,6,True
R_DS001_035,Rider,DS001,Gig,Morning,Senior,2025-08-10,7,True
R_DS001_036,Rider,DS001,Gig,Evening,Senior,2025-07-15,1,True
R_DS001_037,Rider,DS001,Gig,Night,Senior,2025-11-29,2,True
R_DS001_038,Rider,DS001,Gig,Morning,Experienced,2026-02-25,3,True
R_DS001_039,Rider,DS001,Gig,Evening,Experienced,2025-07-30,4,True
R_DS001_040,Rider,DS001,Gig,Night,New,2024-09-11,5,True
R_DS001_041,Rider,DS001,Gig,Morning,New,2026-01-20,6,True
R_DS001_042,Rider,DS001,Gig,Evening,New,2025-03-23,7,True
R_DS001_043,Rider,DS001,Gig,Night,Experienced,2026-05-23,1,True
R_DS001_044,Rider,DS001,Regular,Morning,New,2025-08-15,2,True
R_DS001_045,Rider,DS001,Gig,Evening,Senior,2024-08-07,3,True
R_DS001_046,Rider,DS001,Gig,Night,New,2026-05-16,4,True
R_DS001_047,Rider,DS001,Gig,Morning,Experienced,2025-01-01,5,True
R_DS001_048,Rider,DS001,Gig,Evening,Senior,2024-12-30,6,True
R_DS001_049,Rider,DS001,Gig,Night,Senior,2024-09-28,7,True
R_DS001_050,Rider,DS001,Gig,Morning,Experienced,2025-06-07,1,True
R_DS001_051,Rider,DS001,Gig,Evening,New,2026-02-24,2,True
R_DS001_052,Rider,DS001,Gig,Night,Experienced,2026-02-13,3,True
R_DS001_053,Rider,DS001,Gig,Morning,New,2025-03-18,4,True
R_DS001_054,Rider,DS001,Gig,Evening,Senior,2025-08-11,5,True
R_DS001_055,Rider,DS001,Gig,Night,Experienced,2025-04-24,6,True
R_DS001_056,Rider,DS001,Gig,Morning,Experienced,2026-02-18,7,True
R_DS001_057,Rider,DS001,Gig,Evening,New,2026-03-25,1,True
R_DS001_058,Rider,DS001,Gig,Night,Senior,2024-09-02,2,True
R_DS001_059,Rider,DS001,Gig,Morning,Experienced,2025-12-17,3,True
R_DS001_060,Rider,DS001,Gig,Evening,Senior,2025-10-23,4,True
R_DS001_061,Rider,DS001,Gig,Night,Experienced,2025-05-18,5,True
R_DS001_062,Rider,DS001,Gig,Morning,New,2025-10-26,6,True
R_DS001_063,Rider,DS001,Gig,Evening,New,2025-01-02,7,True
R_DS001_064,Rider,DS001,Gig,Night,New,2025-04-28,1,True
R_DS001_065,Rider,DS001,Gig,Morning,Experienced,2026-03-15,2,True
R_DS001_066,Rider,DS001,Gig,Evening,Experienced,2026-04-18,3,True
R_DS001_067,Rider,DS001,Gig,Night,Experienced,2026-04-18,4,True
R_DS001_068,Rider,DS001,Gig,Morning,Experienced,2026-04-04,5,True
R_DS001_069,Rider,DS001,Gig,Evening,Experienced,2025-04-30,6,True
R_DS001_070,Rider,DS001,Gig,Night,Experienced,2025-12-09,7,True
R_DS001_071,Rider,DS001,Gig,Morning,New,2025-09-02,1,True
R_DS001_072,Rider,DS001,Gig,Evening,Experienced,2025-10-20,2,True
R_DS001_073,Rider,DS001,Gig,Night,Experienced,2026-02-15,3,True
R_DS001_074,Rider,DS001,Regular,Morning,Experienced,2025-09-18,4,True
R_DS001_075,Rider,DS001,Gig,Evening,Senior,2025-07-18,5,True
R_DS001_076,Rider,DS001,Gig,Night,New,2025-08-18,6,True
R_DS001_077,Rider,DS001,Gig,Morning,Experienced,2026-05-29,7,True
R_DS001_078,Rider,DS001,Gig,Evening,Experienced,2026-01-07,1,True
R_DS001_079,Rider,DS001,Gig,Night,Experienced,2026-03-16,2,True
R_DS001_080,Rider,DS001,Regular,Morning,Experienced,2026-03-22,3,True
R_DS001_081,Rider,DS001,Regular,Evening,New,2025-07-24,4,True
R_DS001_082,Rider,DS001,Gig,Night,Experienced,2024-12-20,5,True
R_DS001_083,Rider,DS001,Gig,Morning,Experienced,2024-08-28,6,True
R_DS001_084,Rider,DS001,Gig,Evening,Experienced,2024-12-17,7,True
R_DS001_085,Rider,DS001,Gig,Night,New,2024-12-28,1,True
R_DS001_086,Rider,DS001,Gig,Morning,Experienced,2025-01-27,2,True
R_DS001_087,Rider,DS001,Gig,Evening,Senior,2025-12-05,3,True
R_DS001_088,Rider,DS001,Regular,Night,Senior,2026-06-07,4,True
R_DS001_089,Rider,DS001,Gig,Morning,Experienced,2025-10-11,5,True
R_DS001_090,Rider,DS001,Gig,Evening,Experienced,2025-10-29,6,True
R_DS001_091,Rider,DS001,Regular,Night,Senior,2025-08-29,7,True
R_DS001_092,Rider,DS001,Gig,Morning,Experienced,2024-08-05,1,True
R_DS001_093,Rider,DS001,Gig,Evening,Senior,2025-04-13,2,True
R_DS001_094,Rider,DS001,Gig,Night,New,2026-03-30,3,True
R_DS001_095,Rider,DS001,Gig,Morning,New,2024-08-10,4,True
R_DS001_096,Rider,DS001,Gig,Evening,Experienced,2026-04-03,5,True
R_DS001_097,Rider,DS001,Gig,Night,Experienced,2024-11-01,6,True
R_DS001_098,Rider,DS001,Gig,Morning,New,2024-12-14,7,True
R_DS001_099,Rider,DS001,Gig,Evening,Experienced,2025-06-02,1,True
R_DS001_100,Rider,DS001,Regular,Night,New,2025-08-02,2,True
R_DS001_101,Rider,DS001,Gig,Morning,Senior,2025-10-19,3,True
R_DS001_102,Rider,DS001,Gig,Evening,New,2026-04-18,4,True
R_DS001_103,Rider,DS001,Gig,Night,Senior,2025-06-13,5,True
R_DS001_104,Rider,DS001,Gig,Morning,Senior,2024-11-13,6,True
R_DS001_105,Rider,DS001,Gig,Evening,Experienced,2024-09-02,7,True
R_DS001_106,Rider,DS001,Gig,Night,Experienced,2024-08-19,1,True
R_DS001_107,Rider,DS001,Gig,Morning,Senior,2025-12-04,2,True
R_DS001_108,Rider,DS001,Gig,Evening,Experienced,2025-08-10,3,True
R_DS001_109,Rider,DS001,Gig,Night,Experienced,2024-09-09,4,True
R_DS001_110,Rider,DS001,Regular,Morning,New,2024-11-05,5,True
R_DS001_111,Rider,DS001,Gig,Evening,New,2025-12-20,6,True
R_DS001_112,Rider,DS001,Gig,Night,Experienced,2026-01-27,7,True
R_DS001_113,Rider,DS001,Regular,Morning,New,2024-11-27,1,True
R_DS001_114,Rider,DS001,Gig,Evening,Experienced,2025-01-04,2,True
R_DS001_115,Rider,DS001,Gig,Night,Experienced,2026-05-07,3,True
R_DS001_116,Rider,DS001,Gig,Morning,Experienced,2025-03-12,4,True
R_DS001_117,Rider,DS001,Gig,Evening,Experienced,2026-01-02,5,True
R_DS001_118,Rider,DS001,Gig,Night,Senior,2025-12-13,6,True
R_DS001_119,Rider,DS001,Regular,Morning,Experienced,2025-07-14,7,True
R_DS001_120,Rider,DS001,Gig,Evening,Senior,2026-01-12,1,True
R_DS001_121,Rider,DS001,Gig,Night,Experienced,2025-08-08,2,True
R_DS001_122,Rider,DS001,Gig,Morning,Experienced,2026-05-15,3,True
R_DS001_123,Rider,DS001,Gig,Evening,Senior,2025-04-08,4,True
R_DS001_124,Rider,DS001,Gig,Night,Experienced,2025-08-14,5,True
R_DS001_125,Rider,DS001,Gig,Morning,Experienced,2026-06-11,6,True
R_DS001_126,Rider,DS001,Gig,Evening,Experienced,2024-10-26,7,True
R_DS001_127,Rider,DS001,Gig,Night,New,2024-08-08,1,True
R_DS001_128,Rider,DS001,Gig,Morning,Experienced,2025-06-20,2,True
R_DS001_129,Rider,DS001,Gig,Evening,Experienced,2026-05-04,3,True
R_DS001_130,Rider,DS001,Gig,Night,Experienced,2025-01-27,4,True
R_DS001_131,Rider,DS001,Gig,Morning,Senior,2025-04-29,5,True
R_DS001_132,Rider,DS001,Gig,Evening,Experienced,2026-05-15,6,True
R_DS001_133,Rider,DS001,Gig,Night,Experienced,2025-05-15,7,True
R_DS001_134,Rider,DS001,Regular,Morning,Senior,2024-09-12,1,True
R_DS001_135,Rider,DS001,Gig,Evening,New,2026-05-30,2,True
R_DS001_136,Rider,DS001,Gig,Night,Experienced,2025-08-02,3,True
R_DS001_137,Rider,DS001,Gig,Morning,Experienced,2026-02-01,4,True
R_DS001_138,Rider,DS001,Gig,Evening,Experienced,2024-09-23,5,True
R_DS001_139,Rider,DS001,Gig,Night,Experienced,2025-02-19,6,True
R_DS001_140,Rider,DS001,Gig,Morning,New,2024-09-19,7,True
R_DS001_141,Rider,DS001,Gig,Evening,New,2025-06-20,1,True
R_DS001_142,Rider,DS001,Gig,Night,New,2026-01-07,2,True
R_DS001_143,Rider,DS001,Gig,Morning,New,2026-04-26,3,True
R_DS001_144,Rider,DS001,Gig,Evening,Senior,2025-12-11,4,True
R_DS001_145,Rider,DS001,Gig,Night,Experienced,2026-05-23,5,True
R_DS001_146,Rider,DS001,Gig,Morning,Experienced,2025-12-11,6,True
R_DS001_147,Rider,DS001,Regular,Evening,Experienced,2025-09-14,7,True
R_DS001_148,Rider,DS001,Gig,Night,Experienced,2026-05-15,1,True
R_DS001_149,Rider,DS001,Gig,Morning,New,2025-08-19,2,True
R_DS001_150,Rider,DS001,Gig,Evening,Experienced,2024-10-04,3,True
R_DS001_151,Rider,DS001,Gig,Night,Experienced,2026-05-31,4,True
R_DS001_152,Rider,DS001,Gig,Morning,Experienced,2025-01-09,5,True
R_DS001_153,Rider,DS001,Gig,Evening,Experienced,2025-11-29,6,True
R_DS001_154,Rider,DS001,Gig,Night,Experienced,2025-04-10,7,True
R_DS001_155,Rider,DS001,Gig,Morning,New,2025-07-27,1,True
R_DS001_156,Rider,DS001,Regular,Evening,Experienced,2026-05-19,2,True
R_DS001_157,Rider,DS001,Gig,Night,Experienced,2025-05-27,3,True
R_DS001_158,Rider,DS001,Gig,Morning,New,2025-10-15,4,True
R_DS001_159,Rider,DS001,Gig,Evening,Senior,2024-11-27,5,True
R_DS001_160,Rider,DS001,Regular,Night,Experienced,2025-04-24,6,True
R_DS001_161,Rider,DS001,Gig,Morning,Experienced,2025-10-07,7,True
R_DS001_162,Rider,DS001,Gig,Evening,Senior,2025-10-14,1,True
R_DS001_163,Rider,DS001,Gig,Night,New,2026-02-11,2,True
R_DS001_164,Rider,DS001,Gig,Morning,Experienced,2024-12-06,3,True
R_DS001_165,Rider,DS001,Gig,Evening,Experienced,2024-12-01,4,True
P_DS002_001,Picker,DS002,Regular,Night,Senior,2024-12-03,1,True
P_DS002_002,Picker,DS002,Regular,Morning,Experienced,2025-03-25,2,True
P_DS002_003,Picker,DS002,Regular,Evening,New,2026-01-23,3,True
P_DS002_004,Picker,DS002,Regular,Night,New,2025-11-30,4,True
P_DS002_005,Picker,DS002,Regular,Morning,Experienced,2025-12-10,5,True
P_DS002_006,Picker,DS002,Regular,Evening,Experienced,2026-04-09,6,True
P_DS002_007,Picker,DS002,Regular,Night,New,2024-06-19,7,True
P_DS002_008,Picker,DS002,Regular,Morning,Experienced,2026-02-15,1,True
P_DS002_009,Picker,DS002,Regular,Evening,Senior,2024-04-23,2,True
P_DS002_010,Picker,DS002,Regular,Night,Experienced,2024-03-14,3,True
P_DS002_011,Picker,DS002,Regular,Morning,Experienced,2024-09-17,4,True
P_DS002_012,Picker,DS002,Regular,Evening,Senior,2025-01-02,5,True
P_DS002_013,Picker,DS002,Regular,Night,Experienced,2024-02-10,6,True
P_DS002_014,Picker,DS002,Regular,Morning,New,2026-04-29,7,True
P_DS002_015,Picker,DS002,Regular,Evening,New,2024-04-06,1,True
P_DS002_016,Picker,DS002,Regular,Night,New,2026-02-27,2,True
P_DS002_017,Picker,DS002,Regular,Morning,Senior,2024-05-12,3,True
P_DS002_018,Picker,DS002,Regular,Evening,Senior,2024-11-19,4,True
P_DS002_019,Picker,DS002,Regular,Night,Senior,2025-10-19,5,True
P_DS002_020,Picker,DS002,Regular,Morning,Experienced,2024-06-02,6,True
P_DS002_021,Picker,DS002,Regular,Evening,New,2025-09-28,7,True
P_DS002_022,Picker,DS002,Regular,Night,New,2024-08-22,1,True
P_DS002_023,Picker,DS002,Regular,Morning,Senior,2026-04-08,2,True
P_DS002_024,Picker,DS002,Regular,Evening,Senior,2026-01-05,3,True
P_DS002_025,Picker,DS002,Regular,Night,Senior,2024-04-27,4,True
P_DS002_026,Picker,DS002,Regular,Morning,Experienced,2024-02-18,5,True
P_DS002_027,Picker,DS002,Regular,Evening,Experienced,2026-05-04,6,True
P_DS002_028,Picker,DS002,Regular,Night,New,2024-11-24,7,True
P_DS002_029,Picker,DS002,Regular,Morning,Experienced,2025-01-10,1,True
P_DS002_030,Picker,DS002,Regular,Evening,Senior,2025-09-03,2,True
P_DS002_031,Picker,DS002,Regular,Night,New,2025-06-25,3,True
P_DS002_032,Picker,DS002,Regular,Morning,New,2025-02-04,4,True
P_DS002_033,Picker,DS002,Regular,Evening,Experienced,2024-06-26,5,True
P_DS002_034,Picker,DS002,Regular,Night,New,2024-10-16,6,True
R_DS002_001,Rider,DS002,Gig,Night,Experienced,2024-10-04,1,True
R_DS002_002,Rider,DS002,Gig,Morning,New,2025-02-18,2,True
R_DS002_003,Rider,DS002,Gig,Evening,Experienced,2024-11-15,3,True
R_DS002_004,Rider,DS002,Gig,Night,Experienced,2026-04-04,4,True
R_DS002_005,Rider,DS002,Gig,Morning,Senior,2026-05-01,5,True
R_DS002_006,Rider,DS002,Gig,Evening,Experienced,2026-02-23,6,True
R_DS002_007,Rider,DS002,Regular,Night,Experienced,2025-06-07,7,True
R_DS002_008,Rider,DS002,Gig,Morning,Experienced,2026-03-18,1,True
R_DS002_009,Rider,DS002,Gig,Evening,New,2025-12-06,2,True
R_DS002_010,Rider,DS002,Gig,Night,Experienced,2025-10-02,3,True
R_DS002_011,Rider,DS002,Gig,Morning,Experienced,2026-01-13,4,True
R_DS002_012,Rider,DS002,Gig,Evening,Experienced,2025-11-16,5,True
R_DS002_013,Rider,DS002,Gig,Night,Experienced,2026-01-19,6,True
R_DS002_014,Rider,DS002,Gig,Morning,Experienced,2024-10-18,7,True
R_DS002_015,Rider,DS002,Gig,Evening,New,2025-08-08,1,True
R_DS002_016,Rider,DS002,Gig,Night,Experienced,2025-12-22,2,True
R_DS002_017,Rider,DS002,Gig,Morning,New,2025-04-08,3,True
R_DS002_018,Rider,DS002,Regular,Evening,Senior,2025-08-04,4,True
R_DS002_019,Rider,DS002,Regular,Night,Experienced,2024-11-21,5,True
R_DS002_020,Rider,DS002,Gig,Morning,Experienced,2025-12-27,6,True
R_DS002_021,Rider,DS002,Gig,Evening,New,2025-12-06,7,True
R_DS002_022,Rider,DS002,Regular,Night,Experienced,2025-02-24,1,True
R_DS002_023,Rider,DS002,Gig,Morning,Experienced,2025-07-21,2,True
R_DS002_024,Rider,DS002,Gig,Evening,Experienced,2025-01-01,3,True
R_DS002_025,Rider,DS002,Gig,Night,New,2025-04-23,4,True
R_DS002_026,Rider,DS002,Gig,Morning,Experienced,2025-12-29,5,True
R_DS002_027,Rider,DS002,Gig,Evening,Experienced,2024-10-01,6,True
R_DS002_028,Rider,DS002,Regular,Night,New,2025-08-06,7,True
R_DS002_029,Rider,DS002,Regular,Morning,New,2026-03-02,1,True
R_DS002_030,Rider,DS002,Gig,Evening,Experienced,2025-09-02,2,True
R_DS002_031,Rider,DS002,Gig,Night,Experienced,2025-06-04,3,True
R_DS002_032,Rider,DS002,Gig,Morning,Senior,2025-11-11,4,True
R_DS002_033,Rider,DS002,Gig,Evening,Experienced,2025-11-07,5,True
R_DS002_034,Rider,DS002,Regular,Night,Senior,2024-10-15,6,True
R_DS002_035,Rider,DS002,Gig,Morning,New,2025-09-28,7,True
R_DS002_036,Rider,DS002,Gig,Evening,Experienced,2026-04-19,1,True
R_DS002_037,Rider,DS002,Gig,Night,Senior,2025-01-01,2,True
R_DS002_038,Rider,DS002,Gig,Morning,New,2024-10-16,3,True
R_DS002_039,Rider,DS002,Regular,Evening,Experienced,2026-04-10,4,True
R_DS002_040,Rider,DS002,Gig,Night,Experienced,2025-05-13,5,True
R_DS002_041,Rider,DS002,Gig,Morning,New,2026-03-22,6,True
R_DS002_042,Rider,DS002,Gig,Evening,Experienced,2025-09-23,7,True
R_DS002_043,Rider,DS002,Gig,Night,Senior,2025-10-27,1,True
R_DS002_044,Rider,DS002,Gig,Morning,Experienced,2025-04-16,2,True
R_DS002_045,Rider,DS002,Regular,Evening,Experienced,2024-11-03,3,True
R_DS002_046,Rider,DS002,Regular,Night,Experienced,2024-10-05,4,True
R_DS002_047,Rider,DS002,Gig,Morning,Experienced,2024-10-26,5,True
R_DS002_048,Rider,DS002,Gig,Evening,New,2024-11-15,6,True
R_DS002_049,Rider,DS002,Gig,Night,Experienced,2025-08-20,7,True
R_DS002_050,Rider,DS002,Regular,Morning,Experienced,2025-06-11,1,True
R_DS002_051,Rider,DS002,Gig,Evening,Experienced,2025-01-24,2,True
R_DS002_052,Rider,DS002,Gig,Night,Experienced,2025-09-03,3,True
R_DS002_053,Rider,DS002,Gig,Morning,Experienced,2026-01-29,4,True
R_DS002_054,Rider,DS002,Gig,Evening,New,2025-03-21,5,True
R_DS002_055,Rider,DS002,Gig,Night,Experienced,2025-01-11,6,True
R_DS002_056,Rider,DS002,Gig,Morning,Experienced,2025-06-07,7,True
R_DS002_057,Rider,DS002,Regular,Evening,New,2024-09-17,1,True
R_DS002_058,Rider,DS002,Gig,Night,Experienced,2026-04-26,2,True
R_DS002_059,Rider,DS002,Gig,Morning,Senior,2025-08-11,3,True
R_DS002_060,Rider,DS002,Gig,Evening,Experienced,2025-11-22,4,True
R_DS002_061,Rider,DS002,Gig,Night,Experienced,2026-03-24,5,True
R_DS002_062,Rider,DS002,Gig,Morning,Senior,2025-01-10,6,True
R_DS002_063,Rider,DS002,Gig,Evening,Senior,2025-01-08,7,True
R_DS002_064,Rider,DS002,Gig,Night,Experienced,2025-08-07,1,True
R_DS002_065,Rider,DS002,Gig,Morning,Senior,2026-03-27,2,True
R_DS002_066,Rider,DS002,Gig,Evening,Experienced,2025-01-26,3,True
R_DS002_067,Rider,DS002,Gig,Night,New,2026-03-30,4,True
R_DS002_068,Rider,DS002,Gig,Morning,Experienced,2024-11-16,5,True
R_DS002_069,Rider,DS002,Gig,Evening,Experienced,2026-06-14,6,True
R_DS002_070,Rider,DS002,Gig,Night,Experienced,2024-09-22,7,True
R_DS002_071,Rider,DS002,Gig,Morning,Experienced,2026-03-19,1,True
R_DS002_072,Rider,DS002,Gig,Evening,New,2024-08-06,2,True
R_DS002_073,Rider,DS002,Gig,Night,New,2024-11-05,3,True
R_DS002_074,Rider,DS002,Gig,Morning,Senior,2025-10-20,4,True
R_DS002_075,Rider,DS002,Gig,Evening,Experienced,2025-12-17,5,True
R_DS002_076,Rider,DS002,Gig,Night,Senior,2024-10-30,6,True
R_DS002_077,Rider,DS002,Gig,Morning,Senior,2026-04-06,7,True
R_DS002_078,Rider,DS002,Gig,Evening,Experienced,2025-05-29,1,True
R_DS002_079,Rider,DS002,Gig,Night,Experienced,2026-03-22,2,True
R_DS002_080,Rider,DS002,Gig,Morning,Senior,2024-10-19,3,True
R_DS002_081,Rider,DS002,Gig,Evening,Experienced,2026-05-23,4,True
R_DS002_082,Rider,DS002,Gig,Night,Experienced,2025-09-09,5,True
R_DS002_083,Rider,DS002,Gig,Morning,Senior,2026-03-29,6,True
R_DS002_084,Rider,DS002,Gig,Evening,Experienced,2024-12-29,7,True
R_DS002_085,Rider,DS002,Gig,Night,Experienced,2025-02-07,1,True
R_DS002_086,Rider,DS002,Gig,Morning,Senior,2024-10-04,2,True
R_DS002_087,Rider,DS002,Gig,Evening,New,2026-04-28,3,True
R_DS002_088,Rider,DS002,Gig,Night,Experienced,2025-09-01,4,True
R_DS002_089,Rider,DS002,Regular,Morning,New,2026-06-07,5,True
R_DS002_090,Rider,DS002,Gig,Evening,New,2025-04-26,6,True
R_DS002_091,Rider,DS002,Gig,Night,Senior,2026-03-02,7,True
R_DS002_092,Rider,DS002,Gig,Morning,Experienced,2025-01-12,1,True
R_DS002_093,Rider,DS002,Regular,Evening,Experienced,2025-09-20,2,True
R_DS002_094,Rider,DS002,Gig,Night,New,2024-11-13,3,True
R_DS002_095,Rider,DS002,Gig,Morning,Senior,2026-03-13,4,True
R_DS002_096,Rider,DS002,Gig,Evening,Experienced,2026-05-15,5,True
R_DS002_097,Rider,DS002,Gig,Night,New,2024-10-26,6,True
R_DS002_098,Rider,DS002,Gig,Morning,Experienced,2026-03-14,7,True
R_DS002_099,Rider,DS002,Gig,Evening,Senior,2025-10-25,1,True
R_DS002_100,Rider,DS002,Regular,Night,Senior,2025-06-27,2,True
R_DS002_101,Rider,DS002,Gig,Morning,Experienced,2025-06-24,3,True
R_DS002_102,Rider,DS002,Gig,Evening,Experienced,2025-01-11,4,True
R_DS002_103,Rider,DS002,Gig,Night,Experienced,2025-02-05,5,True
R_DS002_104,Rider,DS002,Gig,Morning,Experienced,2026-04-26,6,True
R_DS002_105,Rider,DS002,Gig,Evening,Experienced,2026-02-10,7,True
R_DS002_106,Rider,DS002,Gig,Night,Experienced,2025-08-22,1,True
R_DS002_107,Rider,DS002,Gig,Morning,Experienced,2026-04-07,2,True
R_DS002_108,Rider,DS002,Gig,Evening,Senior,2025-03-20,3,True
R_DS002_109,Rider,DS002,Regular,Night,Experienced,2025-01-28,4,True
R_DS002_110,Rider,DS002,Gig,Morning,New,2025-01-23,5,True
R_DS002_111,Rider,DS002,Gig,Evening,Experienced,2026-01-17,6,True
R_DS002_112,Rider,DS002,Regular,Night,Experienced,2026-04-17,7,True
R_DS002_113,Rider,DS002,Gig,Morning,Experienced,2025-07-03,1,True
R_DS002_114,Rider,DS002,Regular,Evening,Experienced,2026-04-17,2,True
R_DS002_115,Rider,DS002,Gig,Night,Experienced,2025-01-25,3,True
R_DS002_116,Rider,DS002,Gig,Morning,Experienced,2026-04-22,4,True
R_DS002_117,Rider,DS002,Gig,Evening,Experienced,2025-07-29,5,True
R_DS002_118,Rider,DS002,Regular,Night,Senior,2025-02-15,6,True
R_DS002_119,Rider,DS002,Gig,Morning,New,2025-03-22,7,True
R_DS002_120,Rider,DS002,Gig,Evening,Experienced,2024-08-20,1,True
R_DS002_121,Rider,DS002,Gig,Night,Experienced,2025-11-16,2,True
R_DS002_122,Rider,DS002,Gig,Morning,Senior,2024-08-30,3,True
R_DS002_123,Rider,DS002,Gig,Evening,Experienced,2026-02-17,4,True
R_DS002_124,Rider,DS002,Gig,Night,Senior,2025-07-24,5,True
R_DS002_125,Rider,DS002,Regular,Morning,Senior,2025-03-02,6,True
R_DS002_126,Rider,DS002,Gig,Evening,Senior,2026-01-04,7,True
R_DS002_127,Rider,DS002,Gig,Night,New,2024-11-30,1,True
R_DS002_128,Rider,DS002,Gig,Morning,Experienced,2025-06-26,2,True
R_DS002_129,Rider,DS002,Gig,Evening,Experienced,2026-01-30,3,True
R_DS002_130,Rider,DS002,Gig,Night,Experienced,2024-09-13,4,True
R_DS002_131,Rider,DS002,Gig,Morning,Experienced,2024-12-30,5,True
R_DS002_132,Rider,DS002,Regular,Evening,Senior,2024-11-25,6,True
R_DS002_133,Rider,DS002,Regular,Night,Experienced,2026-02-24,7,True
R_DS002_134,Rider,DS002,Gig,Morning,Experienced,2026-06-09,1,True
R_DS002_135,Rider,DS002,Regular,Evening,Experienced,2025-05-06,2,True
R_DS002_136,Rider,DS002,Gig,Night,Experienced,2025-10-15,3,True
R_DS002_137,Rider,DS002,Gig,Morning,Senior,2025-08-13,4,True
R_DS002_138,Rider,DS002,Gig,Evening,Experienced,2025-03-20,5,True
R_DS002_139,Rider,DS002,Gig,Night,New,2025-02-22,6,True
R_DS002_140,Rider,DS002,Gig,Morning,New,2025-07-16,7,True
R_DS002_141,Rider,DS002,Gig,Evening,Experienced,2025-12-17,1,True
R_DS002_142,Rider,DS002,Regular,Night,New,2025-06-25,2,True
R_DS002_143,Rider,DS002,Gig,Morning,Experienced,2025-11-26,3,True
R_DS002_144,Rider,DS002,Regular,Evening,New,2024-12-24,4,True
R_DS002_145,Rider,DS002,Regular,Night,Experienced,2026-03-24,5,True
R_DS002_146,Rider,DS002,Regular,Morning,New,2024-09-15,6,True
R_DS002_147,Rider,DS002,Gig,Evening,Senior,2025-09-05,7,True
R_DS002_148,Rider,DS002,Gig,Night,Experienced,2026-01-13,1,True
R_DS002_149,Rider,DS002,Regular,Morning,Experienced,2024-12-18,2,True
R_DS002_150,Rider,DS002,Gig,Evening,Experienced,2025-02-07,3,True
R_DS002_151,Rider,DS002,Gig,Night,Experienced,2026-04-13,4,True
R_DS002_152,Rider,DS002,Gig,Morning,Senior,2026-03-14,5,True
R_DS002_153,Rider,DS002,Gig,Evening,Senior,2025-07-05,6,True
R_DS002_154,Rider,DS002,Gig,Night,New,2025-06-28,7,True
R_DS002_155,Rider,DS002,Gig,Morning,Experienced,2026-01-04,1,True
P_DS003_001,Picker,DS003,Regular,Night,New,2025-08-27,1,True
P_DS003_002,Picker,DS003,Regular,Morning,Experienced,2024-06-03,2,True
P_DS003_003,Picker,DS003,Regular,Evening,Experienced,2024-10-11,3,True
P_DS003_004,Picker,DS003,Regular,Night,Experienced,2025-01-04,4,True
P_DS003_005,Picker,DS003,Regular,Morning,Experienced,2025-07-31,5,True
P_DS003_006,Picker,DS003,Regular,Evening,Senior,2025-10-21,6,True
P_DS003_007,Picker,DS003,Regular,Night,Experienced,2024-09-12,7,True
P_DS003_008,Picker,DS003,Regular,Morning,Experienced,2025-08-06,1,True
P_DS003_009,Picker,DS003,Regular,Evening,Experienced,2025-03-18,2,True
P_DS003_010,Picker,DS003,Regular,Night,Experienced,2024-05-04,3,True
P_DS003_011,Picker,DS003,Regular,Morning,Senior,2024-05-06,4,True
P_DS003_012,Picker,DS003,Regular,Evening,New,2024-02-28,5,True
P_DS003_013,Picker,DS003,Regular,Night,Experienced,2024-06-04,6,True
P_DS003_014,Picker,DS003,Regular,Morning,New,2026-01-30,7,True
P_DS003_015,Picker,DS003,Regular,Evening,New,2026-02-27,1,True
P_DS003_016,Picker,DS003,Regular,Night,Experienced,2024-09-01,2,True
P_DS003_017,Picker,DS003,Regular,Morning,Experienced,2024-09-03,3,True
P_DS003_018,Picker,DS003,Regular,Evening,Experienced,2025-06-02,4,True
P_DS003_019,Picker,DS003,Regular,Night,Experienced,2025-08-16,5,True
P_DS003_020,Picker,DS003,Regular,Morning,Experienced,2024-05-18,6,True
P_DS003_021,Picker,DS003,Regular,Evening,New,2026-01-25,7,True
P_DS003_022,Picker,DS003,Regular,Night,Experienced,2025-12-03,1,True
P_DS003_023,Picker,DS003,Regular,Morning,Experienced,2025-04-26,2,True
P_DS003_024,Picker,DS003,Regular,Evening,Senior,2025-04-28,3,True
P_DS003_025,Picker,DS003,Regular,Night,Experienced,2025-06-22,4,True
P_DS003_026,Picker,DS003,Regular,Morning,New,2024-07-08,5,True
P_DS003_027,Picker,DS003,Regular,Evening,New,2025-05-03,6,True
P_DS003_028,Picker,DS003,Regular,Night,Experienced,2024-05-03,7,True
P_DS003_029,Picker,DS003,Regular,Morning,New,2025-12-03,1,True
P_DS003_030,Picker,DS003,Regular,Evening,New,2026-02-18,2,True
P_DS003_031,Picker,DS003,Regular,Night,Experienced,2025-02-18,3,True
P_DS003_032,Picker,DS003,Regular,Morning,Experienced,2025-01-18,4,True
R_DS003_001,Rider,DS003,Regular,Night,New,2026-05-09,1,True
R_DS003_002,Rider,DS003,Gig,Morning,Experienced,2024-10-03,2,True
R_DS003_003,Rider,DS003,Gig,Evening,Experienced,2024-11-24,3,True
R_DS003_004,Rider,DS003,Gig,Night,Senior,2025-11-12,4,True
R_DS003_005,Rider,DS003,Gig,Morning,Experienced,2026-03-15,5,True
R_DS003_006,Rider,DS003,Gig,Evening,Experienced,2025-07-08,6,True
R_DS003_007,Rider,DS003,Gig,Night,Experienced,2025-09-28,7,True
R_DS003_008,Rider,DS003,Gig,Morning,New,2025-01-20,1,True
R_DS003_009,Rider,DS003,Gig,Evening,Experienced,2026-03-04,2,True
R_DS003_010,Rider,DS003,Gig,Night,New,2025-06-17,3,True
R_DS003_011,Rider,DS003,Gig,Morning,Experienced,2026-04-21,4,True
R_DS003_012,Rider,DS003,Gig,Evening,Experienced,2025-11-16,5,True
R_DS003_013,Rider,DS003,Gig,Night,New,2024-09-04,6,True
R_DS003_014,Rider,DS003,Gig,Morning,Experienced,2024-10-12,7,True
R_DS003_015,Rider,DS003,Gig,Evening,Experienced,2025-08-17,1,True
R_DS003_016,Rider,DS003,Gig,Night,New,2025-10-28,2,True
R_DS003_017,Rider,DS003,Gig,Morning,New,2025-05-14,3,True
R_DS003_018,Rider,DS003,Gig,Evening,Experienced,2026-03-27,4,True
R_DS003_019,Rider,DS003,Gig,Night,New,2025-12-19,5,True
R_DS003_020,Rider,DS003,Gig,Morning,New,2024-11-14,6,True
R_DS003_021,Rider,DS003,Gig,Evening,Experienced,2026-01-01,7,True
R_DS003_022,Rider,DS003,Gig,Night,New,2026-01-28,1,True
R_DS003_023,Rider,DS003,Gig,Morning,Experienced,2025-10-23,2,True
R_DS003_024,Rider,DS003,Gig,Evening,New,2024-12-10,3,True
R_DS003_025,Rider,DS003,Gig,Night,Experienced,2025-07-10,4,True
R_DS003_026,Rider,DS003,Gig,Morning,New,2024-08-16,5,True
R_DS003_027,Rider,DS003,Gig,Evening,New,2025-03-12,6,True
R_DS003_028,Rider,DS003,Gig,Night,Senior,2025-11-26,7,True
R_DS003_029,Rider,DS003,Gig,Morning,Experienced,2025-09-18,1,True
R_DS003_030,Rider,DS003,Gig,Evening,New,2025-11-28,2,True
R_DS003_031,Rider,DS003,Gig,Night,New,2024-11-04,3,True
R_DS003_032,Rider,DS003,Gig,Morning,Experienced,2025-01-22,4,True
R_DS003_033,Rider,DS003,Gig,Evening,Senior,2026-02-25,5,True
R_DS003_034,Rider,DS003,Gig,Night,Senior,2024-08-09,6,True
R_DS003_035,Rider,DS003,Regular,Morning,Experienced,2025-08-02,7,True
R_DS003_036,Rider,DS003,Gig,Evening,Experienced,2024-12-30,1,True
R_DS003_037,Rider,DS003,Gig,Night,New,2025-01-18,2,True
R_DS003_038,Rider,DS003,Gig,Morning,New,2026-03-13,3,True
R_DS003_039,Rider,DS003,Gig,Evening,Senior,2025-04-26,4,True
R_DS003_040,Rider,DS003,Gig,Night,Experienced,2025-11-15,5,True
R_DS003_041,Rider,DS003,Regular,Morning,Experienced,2025-12-08,6,True
R_DS003_042,Rider,DS003,Gig,Evening,Senior,2025-10-09,7,True
R_DS003_043,Rider,DS003,Gig,Night,Experienced,2025-06-04,1,True
R_DS003_044,Rider,DS003,Regular,Morning,Experienced,2026-04-12,2,True
R_DS003_045,Rider,DS003,Regular,Evening,Experienced,2025-06-25,3,True
R_DS003_046,Rider,DS003,Gig,Night,New,2025-11-28,4,True
R_DS003_047,Rider,DS003,Gig,Morning,New,2025-03-14,5,True
R_DS003_048,Rider,DS003,Gig,Evening,Experienced,2026-05-25,6,True
R_DS003_049,Rider,DS003,Gig,Night,Experienced,2026-01-28,7,True
R_DS003_050,Rider,DS003,Gig,Morning,Experienced,2024-10-03,1,True
R_DS003_051,Rider,DS003,Gig,Evening,New,2025-03-27,2,True
R_DS003_052,Rider,DS003,Gig,Night,Experienced,2024-12-09,3,True
R_DS003_053,Rider,DS003,Gig,Morning,Experienced,2024-12-27,4,True
R_DS003_054,Rider,DS003,Gig,Evening,Senior,2026-03-21,5,True
R_DS003_055,Rider,DS003,Gig,Night,New,2025-07-14,6,True
R_DS003_056,Rider,DS003,Gig,Morning,Senior,2026-03-06,7,True
R_DS003_057,Rider,DS003,Gig,Evening,New,2025-05-30,1,True
R_DS003_058,Rider,DS003,Gig,Night,Senior,2026-05-07,2,True
R_DS003_059,Rider,DS003,Gig,Morning,New,2026-04-18,3,True
R_DS003_060,Rider,DS003,Gig,Evening,Senior,2025-04-09,4,True
R_DS003_061,Rider,DS003,Gig,Night,Experienced,2025-03-19,5,True
R_DS003_062,Rider,DS003,Gig,Morning,Senior,2026-05-14,6,True
R_DS003_063,Rider,DS003,Gig,Evening,Experienced,2026-03-02,7,True
R_DS003_064,Rider,DS003,Gig,Night,Experienced,2025-09-27,1,True
R_DS003_065,Rider,DS003,Gig,Morning,New,2025-09-13,2,True
R_DS003_066,Rider,DS003,Gig,Evening,Experienced,2025-10-24,3,True
R_DS003_067,Rider,DS003,Gig,Night,Experienced,2025-04-05,4,True
R_DS003_068,Rider,DS003,Gig,Morning,Experienced,2025-05-08,5,True
R_DS003_069,Rider,DS003,Gig,Evening,Experienced,2024-09-02,6,True
R_DS003_070,Rider,DS003,Gig,Night,Senior,2024-12-07,7,True
R_DS003_071,Rider,DS003,Gig,Morning,Experienced,2026-05-03,1,True
R_DS003_072,Rider,DS003,Gig,Evening,Experienced,2026-05-03,2,True
R_DS003_073,Rider,DS003,Gig,Night,Experienced,2025-11-21,3,True
R_DS003_074,Rider,DS003,Regular,Morning,Experienced,2024-10-24,4,True
R_DS003_075,Rider,DS003,Gig,Evening,Experienced,2026-02-01,5,True
R_DS003_076,Rider,DS003,Gig,Night,Experienced,2025-11-27,6,True
R_DS003_077,Rider,DS003,Gig,Morning,Experienced,2026-04-29,7,True
R_DS003_078,Rider,DS003,Gig,Evening,Experienced,2024-09-18,1,True
R_DS003_079,Rider,DS003,Gig,Night,Experienced,2024-12-12,2,True
R_DS003_080,Rider,DS003,Gig,Morning,Senior,2026-04-07,3,True
R_DS003_081,Rider,DS003,Gig,Evening,Experienced,2024-10-11,4,True
R_DS003_082,Rider,DS003,Gig,Night,Experienced,2024-12-01,5,True
R_DS003_083,Rider,DS003,Gig,Morning,Experienced,2025-05-17,6,True
R_DS003_084,Rider,DS003,Gig,Evening,Experienced,2024-09-15,7,True
R_DS003_085,Rider,DS003,Gig,Night,Experienced,2025-02-23,1,True
R_DS003_086,Rider,DS003,Gig,Morning,New,2025-08-08,2,True
R_DS003_087,Rider,DS003,Gig,Evening,Experienced,2024-09-06,3,True
R_DS003_088,Rider,DS003,Regular,Night,Experienced,2026-06-16,4,True
R_DS003_089,Rider,DS003,Gig,Morning,New,2025-12-21,5,True
R_DS003_090,Rider,DS003,Gig,Evening,Experienced,2025-09-01,6,True
R_DS003_091,Rider,DS003,Gig,Night,Experienced,2024-11-03,7,True
R_DS003_092,Rider,DS003,Gig,Morning,Experienced,2025-06-23,1,True
R_DS003_093,Rider,DS003,Gig,Evening,Experienced,2025-06-05,2,True
R_DS003_094,Rider,DS003,Regular,Night,Experienced,2025-08-11,3,True
R_DS003_095,Rider,DS003,Gig,Morning,Experienced,2025-07-20,4,True
R_DS003_096,Rider,DS003,Gig,Evening,New,2026-01-01,5,True
R_DS003_097,Rider,DS003,Regular,Night,Experienced,2026-03-28,6,True
R_DS003_098,Rider,DS003,Gig,Morning,Experienced,2025-02-06,7,True
R_DS003_099,Rider,DS003,Gig,Evening,Senior,2025-04-05,1,True
R_DS003_100,Rider,DS003,Gig,Night,Experienced,2025-06-11,2,True
R_DS003_101,Rider,DS003,Gig,Morning,Experienced,2025-11-08,3,True
R_DS003_102,Rider,DS003,Gig,Evening,Experienced,2026-01-19,4,True
R_DS003_103,Rider,DS003,Gig,Night,Experienced,2025-08-14,5,True
R_DS003_104,Rider,DS003,Gig,Morning,Senior,2026-04-25,6,True
R_DS003_105,Rider,DS003,Gig,Evening,Experienced,2025-04-28,7,True
R_DS003_106,Rider,DS003,Gig,Night,Senior,2025-01-11,1,True
R_DS003_107,Rider,DS003,Gig,Morning,Experienced,2025-05-23,2,True
R_DS003_108,Rider,DS003,Gig,Evening,Experienced,2024-12-16,3,True
R_DS003_109,Rider,DS003,Gig,Night,Senior,2026-05-12,4,True
R_DS003_110,Rider,DS003,Gig,Morning,Senior,2024-10-03,5,True
R_DS003_111,Rider,DS003,Gig,Evening,Experienced,2026-03-05,6,True
R_DS003_112,Rider,DS003,Gig,Night,New,2025-04-10,7,True
R_DS003_113,Rider,DS003,Gig,Morning,Experienced,2025-07-25,1,True
R_DS003_114,Rider,DS003,Gig,Evening,Senior,2025-04-04,2,True
R_DS003_115,Rider,DS003,Regular,Night,New,2026-02-11,3,True
R_DS003_116,Rider,DS003,Gig,Morning,Experienced,2026-03-06,4,True
R_DS003_117,Rider,DS003,Gig,Evening,Experienced,2025-07-03,5,True
R_DS003_118,Rider,DS003,Gig,Night,Senior,2024-11-14,6,True
R_DS003_119,Rider,DS003,Gig,Morning,New,2024-10-02,7,True
R_DS003_120,Rider,DS003,Gig,Evening,Senior,2025-03-02,1,True
R_DS003_121,Rider,DS003,Gig,Night,Experienced,2024-12-07,2,True
R_DS003_122,Rider,DS003,Gig,Morning,Senior,2025-06-21,3,True
R_DS003_123,Rider,DS003,Gig,Evening,Senior,2024-10-12,4,True
R_DS003_124,Rider,DS003,Gig,Night,Experienced,2025-10-10,5,True
R_DS003_125,Rider,DS003,Gig,Morning,Experienced,2025-07-13,6,True
R_DS003_126,Rider,DS003,Gig,Evening,Experienced,2024-11-16,7,True
R_DS003_127,Rider,DS003,Gig,Night,Senior,2024-10-11,1,True
R_DS003_128,Rider,DS003,Regular,Morning,Experienced,2026-03-08,2,True
R_DS003_129,Rider,DS003,Gig,Evening,Experienced,2025-10-22,3,True
R_DS003_130,Rider,DS003,Regular,Night,Senior,2025-11-21,4,True
R_DS003_131,Rider,DS003,Gig,Morning,Senior,2024-08-23,5,True
R_DS003_132,Rider,DS003,Gig,Evening,New,2025-03-11,6,True
R_DS003_133,Rider,DS003,Gig,Night,Experienced,2025-02-17,7,True
R_DS003_134,Rider,DS003,Gig,Morning,Experienced,2025-09-30,1,True
R_DS003_135,Rider,DS003,Regular,Evening,Senior,2025-08-10,2,True
R_DS003_136,Rider,DS003,Gig,Night,Experienced,2024-08-20,3,True
R_DS003_137,Rider,DS003,Gig,Morning,New,2024-12-12,4,True
R_DS003_138,Rider,DS003,Gig,Evening,Senior,2025-07-15,5,True
R_DS003_139,Rider,DS003,Gig,Night,Experienced,2025-02-11,6,True
R_DS003_140,Rider,DS003,Gig,Morning,Experienced,2026-03-10,7,True
R_DS003_141,Rider,DS003,Regular,Evening,Experienced,2025-07-18,1,True
R_DS003_142,Rider,DS003,Gig,Night,New,2026-03-13,2,True
R_DS003_143,Rider,DS003,Gig,Morning,Experienced,2024-09-23,3,True
R_DS003_144,Rider,DS003,Gig,Evening,Experienced,2025-02-16,4,True
R_DS003_145,Rider,DS003,Gig,Night,Experienced,2025-02-25,5,True
P_DS004_001,Picker,DS004,Regular,Night,Experienced,2024-05-26,1,True
P_DS004_002,Picker,DS004,Regular,Morning,Experienced,2024-04-17,2,True
P_DS004_003,Picker,DS004,Regular,Evening,Experienced,2026-03-24,3,True
P_DS004_004,Picker,DS004,Regular,Night,New,2026-05-14,4,True
P_DS004_005,Picker,DS004,Regular,Morning,Experienced,2024-06-11,5,True
P_DS004_006,Picker,DS004,Regular,Evening,Experienced,2024-10-10,6,True
P_DS004_007,Picker,DS004,Regular,Night,New,2025-07-16,7,True
P_DS004_008,Picker,DS004,Regular,Morning,New,2026-05-13,1,True
P_DS004_009,Picker,DS004,Regular,Evening,New,2026-01-30,2,True
P_DS004_010,Picker,DS004,Regular,Night,Senior,2025-11-08,3,True
P_DS004_011,Picker,DS004,Regular,Morning,Experienced,2025-03-04,4,True
P_DS004_012,Picker,DS004,Regular,Evening,Experienced,2025-04-22,5,True
P_DS004_013,Picker,DS004,Regular,Night,Experienced,2026-04-24,6,True
P_DS004_014,Picker,DS004,Regular,Morning,Experienced,2024-08-24,7,True
P_DS004_015,Picker,DS004,Regular,Evening,Experienced,2024-01-22,1,True
P_DS004_016,Picker,DS004,Regular,Night,New,2026-04-25,2,True
P_DS004_017,Picker,DS004,Regular,Morning,Senior,2025-06-25,3,True
P_DS004_018,Picker,DS004,Regular,Evening,Experienced,2025-10-21,4,True
P_DS004_019,Picker,DS004,Regular,Night,Senior,2025-12-20,5,True
P_DS004_020,Picker,DS004,Regular,Morning,Senior,2026-03-21,6,True
P_DS004_021,Picker,DS004,Regular,Evening,Senior,2025-07-24,7,True
P_DS004_022,Picker,DS004,Regular,Night,Experienced,2025-10-08,1,True
P_DS004_023,Picker,DS004,Regular,Morning,Experienced,2024-12-18,2,True
P_DS004_024,Picker,DS004,Regular,Evening,New,2025-07-23,3,True
P_DS004_025,Picker,DS004,Regular,Night,Experienced,2024-03-19,4,True
P_DS004_026,Picker,DS004,Regular,Morning,Experienced,2024-05-09,5,True
P_DS004_027,Picker,DS004,Regular,Evening,Experienced,2025-02-23,6,True
P_DS004_028,Picker,DS004,Regular,Night,New,2026-01-29,7,True
P_DS004_029,Picker,DS004,Regular,Morning,Experienced,2024-05-30,1,True
P_DS004_030,Picker,DS004,Regular,Evening,Senior,2025-04-30,2,True
P_DS004_031,Picker,DS004,Regular,Night,Senior,2025-10-06,3,True
P_DS004_032,Picker,DS004,Regular,Morning,Experienced,2024-10-23,4,True
P_DS004_033,Picker,DS004,Regular,Evening,Experienced,2024-08-05,5,True
P_DS004_034,Picker,DS004,Regular,Night,New,2026-04-21,6,True
P_DS004_035,Picker,DS004,Regular,Morning,Experienced,2024-05-29,7,True
R_DS004_001,Rider,DS004,Gig,Night,Experienced,2026-02-18,1,True
R_DS004_002,Rider,DS004,Regular,Morning,New,2024-08-28,2,True
R_DS004_003,Rider,DS004,Gig,Evening,Experienced,2026-01-04,3,True
R_DS004_004,Rider,DS004,Gig,Night,Experienced,2024-11-11,4,True
R_DS004_005,Rider,DS004,Gig,Morning,Senior,2025-10-14,5,True
R_DS004_006,Rider,DS004,Regular,Evening,New,2025-04-12,6,True
R_DS004_007,Rider,DS004,Gig,Night,New,2024-12-14,7,True
R_DS004_008,Rider,DS004,Gig,Morning,Experienced,2024-09-09,1,True
R_DS004_009,Rider,DS004,Gig,Evening,Experienced,2025-05-10,2,True
R_DS004_010,Rider,DS004,Gig,Night,Senior,2025-06-18,3,True
R_DS004_011,Rider,DS004,Gig,Morning,New,2025-12-10,4,True
R_DS004_012,Rider,DS004,Gig,Evening,Senior,2025-07-30,5,True
R_DS004_013,Rider,DS004,Gig,Night,New,2024-09-30,6,True
R_DS004_014,Rider,DS004,Gig,Morning,Senior,2025-03-21,7,True
R_DS004_015,Rider,DS004,Gig,Evening,New,2024-09-21,1,True
R_DS004_016,Rider,DS004,Gig,Night,Experienced,2024-12-14,2,True
R_DS004_017,Rider,DS004,Gig,Morning,New,2025-07-24,3,True
R_DS004_018,Rider,DS004,Gig,Evening,Experienced,2025-07-16,4,True
R_DS004_019,Rider,DS004,Gig,Night,Senior,2025-04-29,5,True
R_DS004_020,Rider,DS004,Regular,Morning,Experienced,2026-05-12,6,True
R_DS004_021,Rider,DS004,Gig,Evening,New,2024-09-19,7,True
R_DS004_022,Rider,DS004,Gig,Night,Experienced,2025-11-09,1,True
R_DS004_023,Rider,DS004,Gig,Morning,Experienced,2025-07-29,2,True
R_DS004_024,Rider,DS004,Regular,Evening,Senior,2024-10-04,3,True
R_DS004_025,Rider,DS004,Regular,Night,Senior,2025-01-29,4,True
R_DS004_026,Rider,DS004,Gig,Morning,Senior,2024-08-24,5,True
R_DS004_027,Rider,DS004,Regular,Evening,Experienced,2026-03-31,6,True
R_DS004_028,Rider,DS004,Gig,Night,New,2024-10-19,7,True
R_DS004_029,Rider,DS004,Gig,Morning,Senior,2025-09-27,1,True
R_DS004_030,Rider,DS004,Gig,Evening,Experienced,2025-04-23,2,True
R_DS004_031,Rider,DS004,Gig,Night,Experienced,2025-02-11,3,True
R_DS004_032,Rider,DS004,Regular,Morning,Experienced,2026-04-12,4,True
R_DS004_033,Rider,DS004,Gig,Evening,Senior,2025-01-20,5,True
R_DS004_034,Rider,DS004,Gig,Night,New,2025-11-23,6,True
R_DS004_035,Rider,DS004,Gig,Morning,Experienced,2026-02-25,7,True
R_DS004_036,Rider,DS004,Gig,Evening,Experienced,2025-09-26,1,True
R_DS004_037,Rider,DS004,Regular,Night,Senior,2025-09-25,2,True
R_DS004_038,Rider,DS004,Gig,Morning,Senior,2026-03-11,3,True
R_DS004_039,Rider,DS004,Gig,Evening,Senior,2025-07-22,4,True
R_DS004_040,Rider,DS004,Gig,Night,Experienced,2025-03-23,5,True
R_DS004_041,Rider,DS004,Gig,Morning,Experienced,2025-06-19,6,True
R_DS004_042,Rider,DS004,Gig,Evening,Experienced,2025-04-08,7,True
R_DS004_043,Rider,DS004,Regular,Night,Experienced,2025-12-12,1,True
R_DS004_044,Rider,DS004,Gig,Morning,Experienced,2024-09-10,2,True
R_DS004_045,Rider,DS004,Regular,Evening,Experienced,2025-04-04,3,True
R_DS004_046,Rider,DS004,Gig,Night,New,2024-09-14,4,True
R_DS004_047,Rider,DS004,Gig,Morning,Experienced,2025-11-25,5,True
R_DS004_048,Rider,DS004,Gig,Evening,Experienced,2026-03-08,6,True
R_DS004_049,Rider,DS004,Gig,Night,Experienced,2026-05-19,7,True
R_DS004_050,Rider,DS004,Gig,Morning,Senior,2025-10-31,1,True
R_DS004_051,Rider,DS004,Gig,Evening,Experienced,2025-04-06,2,True
R_DS004_052,Rider,DS004,Gig,Night,Senior,2025-09-20,3,True
R_DS004_053,Rider,DS004,Gig,Morning,Experienced,2026-02-06,4,True
R_DS004_054,Rider,DS004,Regular,Evening,Experienced,2025-07-09,5,True
R_DS004_055,Rider,DS004,Gig,Night,New,2026-02-25,6,True
R_DS004_056,Rider,DS004,Regular,Morning,Experienced,2025-08-02,7,True
R_DS004_057,Rider,DS004,Gig,Evening,Experienced,2026-04-25,1,True
R_DS004_058,Rider,DS004,Gig,Night,Experienced,2024-10-09,2,True
R_DS004_059,Rider,DS004,Gig,Morning,Experienced,2024-12-14,3,True
R_DS004_060,Rider,DS004,Gig,Evening,Experienced,2025-09-06,4,True
R_DS004_061,Rider,DS004,Gig,Night,Experienced,2025-04-18,5,True
R_DS004_062,Rider,DS004,Gig,Morning,Senior,2026-03-30,6,True
R_DS004_063,Rider,DS004,Regular,Evening,Experienced,2026-03-07,7,True
R_DS004_064,Rider,DS004,Gig,Night,Experienced,2026-01-26,1,True
R_DS004_065,Rider,DS004,Gig,Morning,New,2025-07-01,2,True
R_DS004_066,Rider,DS004,Gig,Evening,New,2025-02-02,3,True
R_DS004_067,Rider,DS004,Gig,Night,Senior,2024-09-07,4,True
R_DS004_068,Rider,DS004,Gig,Morning,Experienced,2024-11-02,5,True
R_DS004_069,Rider,DS004,Gig,Evening,Senior,2026-03-11,6,True
R_DS004_070,Rider,DS004,Gig,Night,Experienced,2025-09-08,7,True
R_DS004_071,Rider,DS004,Gig,Morning,Experienced,2026-02-27,1,True
R_DS004_072,Rider,DS004,Gig,Evening,New,2025-08-18,2,True
R_DS004_073,Rider,DS004,Gig,Night,Experienced,2025-11-23,3,True
R_DS004_074,Rider,DS004,Gig,Morning,Senior,2026-04-17,4,True
R_DS004_075,Rider,DS004,Gig,Evening,Senior,2025-08-26,5,True
R_DS004_076,Rider,DS004,Gig,Night,Senior,2025-06-28,6,True
R_DS004_077,Rider,DS004,Gig,Morning,Experienced,2025-02-06,7,True
R_DS004_078,Rider,DS004,Gig,Evening,Experienced,2025-09-29,1,True
R_DS004_079,Rider,DS004,Gig,Night,Senior,2024-09-02,2,True
R_DS004_080,Rider,DS004,Gig,Morning,Senior,2026-05-01,3,True
R_DS004_081,Rider,DS004,Gig,Evening,Senior,2025-10-18,4,True
R_DS004_082,Rider,DS004,Gig,Night,New,2024-10-24,5,True
R_DS004_083,Rider,DS004,Gig,Morning,Senior,2024-10-25,6,True
R_DS004_084,Rider,DS004,Regular,Evening,Experienced,2025-11-14,7,True
R_DS004_085,Rider,DS004,Gig,Night,Senior,2026-06-08,1,True
R_DS004_086,Rider,DS004,Gig,Morning,New,2025-11-11,2,True
R_DS004_087,Rider,DS004,Regular,Evening,Senior,2026-05-12,3,True
R_DS004_088,Rider,DS004,Gig,Night,New,2026-01-13,4,True
R_DS004_089,Rider,DS004,Gig,Morning,New,2024-09-07,5,True
R_DS004_090,Rider,DS004,Gig,Evening,Experienced,2025-08-20,6,True
R_DS004_091,Rider,DS004,Gig,Night,Experienced,2025-06-18,7,True
R_DS004_092,Rider,DS004,Gig,Morning,Experienced,2024-09-06,1,True
R_DS004_093,Rider,DS004,Gig,Evening,Experienced,2025-01-15,2,True
R_DS004_094,Rider,DS004,Gig,Night,New,2026-06-16,3,True
R_DS004_095,Rider,DS004,Regular,Morning,Experienced,2026-04-05,4,True
R_DS004_096,Rider,DS004,Gig,Evening,Experienced,2024-08-01,5,True
R_DS004_097,Rider,DS004,Gig,Night,Senior,2024-08-07,6,True
R_DS004_098,Rider,DS004,Gig,Morning,Experienced,2024-10-21,7,True
R_DS004_099,Rider,DS004,Gig,Evening,Senior,2026-03-21,1,True
R_DS004_100,Rider,DS004,Regular,Night,New,2025-07-14,2,True
R_DS004_101,Rider,DS004,Gig,Morning,Experienced,2024-11-15,3,True
R_DS004_102,Rider,DS004,Gig,Evening,Experienced,2025-09-26,4,True
R_DS004_103,Rider,DS004,Gig,Night,Experienced,2026-01-27,5,True
R_DS004_104,Rider,DS004,Gig,Morning,Senior,2026-01-06,6,True
R_DS004_105,Rider,DS004,Gig,Evening,Experienced,2025-02-07,7,True
R_DS004_106,Rider,DS004,Gig,Night,Experienced,2024-11-22,1,True
R_DS004_107,Rider,DS004,Regular,Morning,Senior,2025-09-06,2,True
R_DS004_108,Rider,DS004,Regular,Evening,Senior,2025-11-26,3,True
R_DS004_109,Rider,DS004,Gig,Night,New,2026-04-03,4,True
R_DS004_110,Rider,DS004,Gig,Morning,Experienced,2024-10-07,5,True
R_DS004_111,Rider,DS004,Gig,Evening,New,2025-04-13,6,True
R_DS004_112,Rider,DS004,Gig,Night,New,2026-03-12,7,True
R_DS004_113,Rider,DS004,Gig,Morning,Senior,2025-03-13,1,True
R_DS004_114,Rider,DS004,Regular,Evening,New,2026-03-01,2,True
R_DS004_115,Rider,DS004,Gig,Night,Experienced,2026-06-08,3,True
R_DS004_116,Rider,DS004,Gig,Morning,Experienced,2025-04-29,4,True
R_DS004_117,Rider,DS004,Gig,Evening,Experienced,2026-03-01,5,True
R_DS004_118,Rider,DS004,Regular,Night,Experienced,2025-02-27,6,True
R_DS004_119,Rider,DS004,Regular,Morning,Senior,2025-12-15,7,True
R_DS004_120,Rider,DS004,Gig,Evening,Experienced,2025-10-11,1,True
R_DS004_121,Rider,DS004,Gig,Night,Senior,2025-09-19,2,True
R_DS004_122,Rider,DS004,Gig,Morning,Senior,2024-08-07,3,True
R_DS004_123,Rider,DS004,Gig,Evening,Experienced,2025-07-06,4,True
R_DS004_124,Rider,DS004,Gig,Night,Experienced,2024-10-17,5,True
R_DS004_125,Rider,DS004,Gig,Morning,Experienced,2025-02-27,6,True
R_DS004_126,Rider,DS004,Gig,Evening,Experienced,2025-01-01,7,True
R_DS004_127,Rider,DS004,Gig,Night,New,2025-07-04,1,True
R_DS004_128,Rider,DS004,Gig,Morning,Experienced,2025-01-09,2,True
R_DS004_129,Rider,DS004,Gig,Evening,Senior,2025-06-06,3,True
R_DS004_130,Rider,DS004,Gig,Night,Experienced,2025-10-30,4,True
R_DS004_131,Rider,DS004,Gig,Morning,Experienced,2026-01-20,5,True
R_DS004_132,Rider,DS004,Gig,Evening,Experienced,2024-10-03,6,True
R_DS004_133,Rider,DS004,Gig,Night,Experienced,2026-03-13,7,True
R_DS004_134,Rider,DS004,Gig,Morning,Experienced,2025-03-07,1,True
R_DS004_135,Rider,DS004,Gig,Evening,Experienced,2025-11-09,2,True
R_DS004_136,Rider,DS004,Gig,Night,Experienced,2024-10-23,3,True
R_DS004_137,Rider,DS004,Gig,Morning,Experienced,2026-01-25,4,True
R_DS004_138,Rider,DS004,Regular,Evening,Experienced,2025-05-07,5,True
R_DS004_139,Rider,DS004,Gig,Night,Senior,2025-09-27,6,True
R_DS004_140,Rider,DS004,Gig,Morning,New,2025-06-18,7,True
R_DS004_141,Rider,DS004,Gig,Evening,Senior,2024-08-23,1,True
R_DS004_142,Rider,DS004,Gig,Night,New,2025-02-25,2,True
R_DS004_143,Rider,DS004,Gig,Morning,Experienced,2026-05-26,3,True
R_DS004_144,Rider,DS004,Gig,Evening,Senior,2026-05-27,4,True
R_DS004_145,Rider,DS004,Gig,Night,Senior,2025-11-18,5,True
R_DS004_146,Rider,DS004,Gig,Morning,Senior,2025-12-20,6,True
R_DS004_147,Rider,DS004,Gig,Evening,Experienced,2026-01-10,7,True
R_DS004_148,Rider,DS004,Regular,Night,Experienced,2026-05-21,1,True
R_DS004_149,Rider,DS004,Regular,Morning,Experienced,2025-05-02,2,True
R_DS004_150,Rider,DS004,Gig,Evening,Experienced,2024-09-01,3,True
R_DS004_151,Rider,DS004,Gig,Night,New,2025-11-22,4,True
R_DS004_152,Rider,DS004,Gig,Morning,Experienced,2025-07-26,5,True
R_DS004_153,Rider,DS004,Regular,Evening,Experienced,2024-11-24,6,True
R_DS004_154,Rider,DS004,Gig,Night,Experienced,2024-12-15,7,True
R_DS004_155,Rider,DS004,Gig,Morning,Experienced,2025-06-20,1,True
R_DS004_156,Rider,DS004,Gig,Evening,Experienced,2025-06-29,2,True
R_DS004_157,Rider,DS004,Gig,Night,Senior,2025-11-02,3,True
R_DS004_158,Rider,DS004,Gig,Morning,Experienced,2025-07-22,4,True
R_DS004_159,Rider,DS004,Gig,Evening,Experienced,2025-07-22,5,True
R_DS004_160,Rider,DS004,Gig,Night,Experienced,2025-08-26,6,True
P_DS005_001,Picker,DS005,Regular,Night,New,2025-03-28,1,True
P_DS005_002,Picker,DS005,Regular,Morning,Experienced,2025-08-16,2,True
P_DS005_003,Picker,DS005,Regular,Evening,New,2025-01-04,3,True
P_DS005_004,Picker,DS005,Regular,Night,Experienced,2025-07-04,4,True
P_DS005_005,Picker,DS005,Regular,Morning,Experienced,2026-03-13,5,True
P_DS005_006,Picker,DS005,Regular,Evening,Senior,2025-01-06,6,True
P_DS005_007,Picker,DS005,Regular,Night,Experienced,2026-04-25,7,True
P_DS005_008,Picker,DS005,Regular,Morning,New,2025-11-04,1,True
P_DS005_009,Picker,DS005,Regular,Evening,Experienced,2025-04-26,2,True
P_DS005_010,Picker,DS005,Regular,Night,New,2024-11-17,3,True
P_DS005_011,Picker,DS005,Regular,Morning,New,2024-06-19,4,True
P_DS005_012,Picker,DS005,Regular,Evening,Experienced,2024-06-29,5,True
P_DS005_013,Picker,DS005,Regular,Night,Experienced,2026-02-12,6,True
P_DS005_014,Picker,DS005,Regular,Morning,Senior,2025-04-15,7,True
P_DS005_015,Picker,DS005,Regular,Evening,New,2026-06-01,1,True
P_DS005_016,Picker,DS005,Regular,Night,Experienced,2025-09-14,2,True
P_DS005_017,Picker,DS005,Regular,Morning,New,2024-06-01,3,True
P_DS005_018,Picker,DS005,Regular,Evening,New,2026-02-16,4,True
P_DS005_019,Picker,DS005,Regular,Night,Experienced,2025-08-06,5,True
P_DS005_020,Picker,DS005,Regular,Morning,Experienced,2025-10-09,6,True
P_DS005_021,Picker,DS005,Regular,Evening,Senior,2025-07-31,7,True
P_DS005_022,Picker,DS005,Regular,Night,Experienced,2026-04-01,1,True
P_DS005_023,Picker,DS005,Regular,Morning,Experienced,2025-03-20,2,True
P_DS005_024,Picker,DS005,Regular,Evening,Experienced,2024-04-02,3,True
P_DS005_025,Picker,DS005,Regular,Night,Experienced,2026-04-11,4,True
P_DS005_026,Picker,DS005,Regular,Morning,New,2026-01-29,5,True
P_DS005_027,Picker,DS005,Regular,Evening,New,2025-01-14,6,True
P_DS005_028,Picker,DS005,Regular,Night,Experienced,2025-09-15,7,True
P_DS005_029,Picker,DS005,Regular,Morning,Senior,2024-07-14,1,True
P_DS005_030,Picker,DS005,Regular,Evening,Senior,2025-06-08,2,True
R_DS005_001,Rider,DS005,Gig,Night,Experienced,2025-11-07,1,True
R_DS005_002,Rider,DS005,Gig,Morning,Experienced,2024-10-13,2,True
R_DS005_003,Rider,DS005,Gig,Evening,Senior,2025-01-01,3,True
R_DS005_004,Rider,DS005,Gig,Night,Experienced,2024-09-30,4,True
R_DS005_005,Rider,DS005,Gig,Morning,Senior,2024-11-16,5,True
R_DS005_006,Rider,DS005,Gig,Evening,Senior,2025-09-13,6,True
R_DS005_007,Rider,DS005,Gig,Night,New,2025-06-19,7,True
R_DS005_008,Rider,DS005,Gig,Morning,New,2026-02-27,1,True
R_DS005_009,Rider,DS005,Gig,Evening,Experienced,2026-02-22,2,True
R_DS005_010,Rider,DS005,Gig,Night,Experienced,2026-03-02,3,True
R_DS005_011,Rider,DS005,Gig,Morning,Experienced,2025-04-06,4,True
R_DS005_012,Rider,DS005,Gig,Evening,Senior,2024-09-15,5,True
R_DS005_013,Rider,DS005,Gig,Night,Experienced,2026-04-13,6,True
R_DS005_014,Rider,DS005,Gig,Morning,Experienced,2026-01-10,7,True
R_DS005_015,Rider,DS005,Gig,Evening,Senior,2024-12-04,1,True
R_DS005_016,Rider,DS005,Gig,Night,New,2026-06-07,2,True
R_DS005_017,Rider,DS005,Gig,Morning,Senior,2026-02-28,3,True
R_DS005_018,Rider,DS005,Gig,Evening,Experienced,2026-03-21,4,True
R_DS005_019,Rider,DS005,Gig,Night,Senior,2026-02-21,5,True
R_DS005_020,Rider,DS005,Regular,Morning,Senior,2026-05-15,6,True
R_DS005_021,Rider,DS005,Gig,Evening,Experienced,2025-10-17,7,True
R_DS005_022,Rider,DS005,Gig,Night,Senior,2024-09-21,1,True
R_DS005_023,Rider,DS005,Gig,Morning,Experienced,2025-05-28,2,True
R_DS005_024,Rider,DS005,Regular,Evening,Experienced,2025-02-09,3,True
R_DS005_025,Rider,DS005,Gig,Night,Experienced,2024-12-05,4,True
R_DS005_026,Rider,DS005,Gig,Morning,New,2025-05-16,5,True
R_DS005_027,Rider,DS005,Gig,Evening,Experienced,2024-12-04,6,True
R_DS005_028,Rider,DS005,Gig,Night,Senior,2025-05-12,7,True
R_DS005_029,Rider,DS005,Gig,Morning,Experienced,2025-09-24,1,True
R_DS005_030,Rider,DS005,Gig,Evening,Experienced,2026-01-27,2,True
R_DS005_031,Rider,DS005,Gig,Night,Experienced,2026-03-11,3,True
R_DS005_032,Rider,DS005,Gig,Morning,Experienced,2025-09-10,4,True
R_DS005_033,Rider,DS005,Gig,Evening,New,2025-11-09,5,True
R_DS005_034,Rider,DS005,Regular,Night,Senior,2024-11-03,6,True
R_DS005_035,Rider,DS005,Gig,Morning,Experienced,2025-11-24,7,True
R_DS005_036,Rider,DS005,Gig,Evening,Senior,2025-01-09,1,True
R_DS005_037,Rider,DS005,Regular,Night,New,2025-05-28,2,True
R_DS005_038,Rider,DS005,Gig,Morning,New,2026-04-13,3,True
R_DS005_039,Rider,DS005,Gig,Evening,Senior,2024-10-17,4,True
R_DS005_040,Rider,DS005,Gig,Night,New,2025-06-12,5,True
R_DS005_041,Rider,DS005,Gig,Morning,Experienced,2025-08-31,6,True
R_DS005_042,Rider,DS005,Gig,Evening,Experienced,2025-06-14,7,True
R_DS005_043,Rider,DS005,Gig,Night,Experienced,2024-09-22,1,True
R_DS005_044,Rider,DS005,Gig,Morning,New,2025-03-17,2,True
R_DS005_045,Rider,DS005,Gig,Evening,Senior,2025-12-22,3,True
R_DS005_046,Rider,DS005,Gig,Night,Experienced,2025-11-16,4,True
R_DS005_047,Rider,DS005,Gig,Morning,Experienced,2026-01-13,5,True
R_DS005_048,Rider,DS005,Gig,Evening,Experienced,2025-01-21,6,True
R_DS005_049,Rider,DS005,Gig,Night,Senior,2024-10-16,7,True
R_DS005_050,Rider,DS005,Gig,Morning,Experienced,2026-03-03,1,True
R_DS005_051,Rider,DS005,Gig,Evening,New,2025-10-28,2,True
R_DS005_052,Rider,DS005,Gig,Night,Experienced,2024-08-09,3,True
R_DS005_053,Rider,DS005,Gig,Morning,Experienced,2025-10-20,4,True
R_DS005_054,Rider,DS005,Gig,Evening,Experienced,2024-12-23,5,True
R_DS005_055,Rider,DS005,Gig,Night,Experienced,2024-11-25,6,True
R_DS005_056,Rider,DS005,Gig,Morning,New,2025-02-25,7,True
R_DS005_057,Rider,DS005,Gig,Evening,Senior,2024-11-09,1,True
R_DS005_058,Rider,DS005,Gig,Night,Experienced,2025-07-09,2,True
R_DS005_059,Rider,DS005,Gig,Morning,Senior,2025-11-10,3,True
R_DS005_060,Rider,DS005,Gig,Evening,Experienced,2025-08-11,4,True
R_DS005_061,Rider,DS005,Gig,Night,Experienced,2026-04-14,5,True
R_DS005_062,Rider,DS005,Gig,Morning,Senior,2026-02-22,6,True
R_DS005_063,Rider,DS005,Gig,Evening,Experienced,2024-10-01,7,True
R_DS005_064,Rider,DS005,Gig,Night,Experienced,2025-03-13,1,True
R_DS005_065,Rider,DS005,Gig,Morning,Senior,2025-07-29,2,True
R_DS005_066,Rider,DS005,Gig,Evening,Experienced,2025-12-10,3,True
R_DS005_067,Rider,DS005,Gig,Night,Senior,2025-07-16,4,True
R_DS005_068,Rider,DS005,Regular,Morning,Experienced,2024-10-05,5,True
R_DS005_069,Rider,DS005,Gig,Evening,New,2025-04-26,6,True
R_DS005_070,Rider,DS005,Gig,Night,Experienced,2025-12-10,7,True
R_DS005_071,Rider,DS005,Gig,Morning,Experienced,2024-09-16,1,True
R_DS005_072,Rider,DS005,Gig,Evening,Experienced,2025-12-31,2,True
R_DS005_073,Rider,DS005,Gig,Night,Experienced,2026-03-10,3,True
R_DS005_074,Rider,DS005,Gig,Morning,Experienced,2024-11-12,4,True
R_DS005_075,Rider,DS005,Gig,Evening,Experienced,2026-03-16,5,True
R_DS005_076,Rider,DS005,Gig,Night,Experienced,2025-05-01,6,True
R_DS005_077,Rider,DS005,Gig,Morning,Senior,2025-06-19,7,True
R_DS005_078,Rider,DS005,Gig,Evening,Experienced,2026-03-22,1,True
R_DS005_079,Rider,DS005,Gig,Night,Senior,2026-06-04,2,True
R_DS005_080,Rider,DS005,Regular,Morning,Senior,2025-09-12,3,True
R_DS005_081,Rider,DS005,Regular,Evening,Experienced,2024-12-18,4,True
R_DS005_082,Rider,DS005,Gig,Night,New,2025-12-03,5,True
R_DS005_083,Rider,DS005,Gig,Morning,Experienced,2025-02-22,6,True
R_DS005_084,Rider,DS005,Gig,Evening,Experienced,2024-12-04,7,True
R_DS005_085,Rider,DS005,Gig,Night,Experienced,2024-08-31,1,True
R_DS005_086,Rider,DS005,Gig,Morning,Experienced,2025-09-13,2,True
R_DS005_087,Rider,DS005,Gig,Evening,New,2026-01-05,3,True
R_DS005_088,Rider,DS005,Gig,Night,Experienced,2025-05-18,4,True
R_DS005_089,Rider,DS005,Gig,Morning,Experienced,2025-04-02,5,True
R_DS005_090,Rider,DS005,Gig,Evening,Experienced,2025-05-20,6,True
R_DS005_091,Rider,DS005,Gig,Night,Experienced,2026-04-15,7,True
R_DS005_092,Rider,DS005,Gig,Morning,Senior,2026-05-12,1,True
R_DS005_093,Rider,DS005,Gig,Evening,Experienced,2026-06-12,2,True
R_DS005_094,Rider,DS005,Gig,Night,Experienced,2025-09-22,3,True
R_DS005_095,Rider,DS005,Gig,Morning,Experienced,2025-01-09,4,True
R_DS005_096,Rider,DS005,Regular,Evening,Experienced,2025-01-30,5,True
R_DS005_097,Rider,DS005,Gig,Night,Experienced,2025-09-08,6,True
R_DS005_098,Rider,DS005,Gig,Morning,Experienced,2025-02-13,7,True
R_DS005_099,Rider,DS005,Gig,Evening,Experienced,2025-10-11,1,True
R_DS005_100,Rider,DS005,Regular,Night,Experienced,2025-06-23,2,True
R_DS005_101,Rider,DS005,Regular,Morning,Senior,2025-02-21,3,True
R_DS005_102,Rider,DS005,Gig,Evening,Senior,2026-04-04,4,True
R_DS005_103,Rider,DS005,Gig,Night,Experienced,2025-07-30,5,True
R_DS005_104,Rider,DS005,Regular,Morning,Senior,2026-04-19,6,True
R_DS005_105,Rider,DS005,Gig,Evening,Experienced,2024-09-22,7,True
R_DS005_106,Rider,DS005,Gig,Night,Experienced,2025-11-16,1,True
R_DS005_107,Rider,DS005,Gig,Morning,Senior,2024-11-16,2,True
R_DS005_108,Rider,DS005,Regular,Evening,Experienced,2025-05-24,3,True
R_DS005_109,Rider,DS005,Gig,Night,Experienced,2024-10-29,4,True
R_DS005_110,Rider,DS005,Gig,Morning,Experienced,2025-10-26,5,True
R_DS005_111,Rider,DS005,Gig,Evening,Experienced,2026-04-02,6,True
R_DS005_112,Rider,DS005,Regular,Night,Senior,2025-12-18,7,True
R_DS005_113,Rider,DS005,Gig,Morning,New,2026-05-05,1,True
R_DS005_114,Rider,DS005,Gig,Evening,Experienced,2024-09-19,2,True
R_DS005_115,Rider,DS005,Gig,Night,Experienced,2026-02-17,3,True
R_DS005_116,Rider,DS005,Regular,Morning,Senior,2026-05-09,4,True
R_DS005_117,Rider,DS005,Gig,Evening,Senior,2025-02-06,5,True
R_DS005_118,Rider,DS005,Gig,Night,Experienced,2024-08-25,6,True
R_DS005_119,Rider,DS005,Regular,Morning,Experienced,2025-09-20,7,True
R_DS005_120,Rider,DS005,Regular,Evening,Senior,2026-01-27,1,True
R_DS005_121,Rider,DS005,Gig,Night,New,2025-12-28,2,True
R_DS005_122,Rider,DS005,Gig,Morning,Senior,2025-09-22,3,True
R_DS005_123,Rider,DS005,Gig,Evening,Senior,2025-10-19,4,True
R_DS005_124,Rider,DS005,Gig,Night,Experienced,2025-10-12,5,True
R_DS005_125,Rider,DS005,Gig,Morning,New,2026-02-01,6,True
R_DS005_126,Rider,DS005,Gig,Evening,Experienced,2025-07-27,7,True
R_DS005_127,Rider,DS005,Gig,Night,Experienced,2026-03-12,1,True
R_DS005_128,Rider,DS005,Gig,Morning,New,2025-10-22,2,True
R_DS005_129,Rider,DS005,Gig,Evening,Experienced,2024-09-24,3,True
R_DS005_130,Rider,DS005,Gig,Night,Experienced,2024-09-17,4,True
R_DS005_131,Rider,DS005,Gig,Morning,Senior,2025-12-26,5,True
R_DS005_132,Rider,DS005,Gig,Evening,Experienced,2025-05-25,6,True
R_DS005_133,Rider,DS005,Gig,Night,Experienced,2026-06-06,7,True
R_DS005_134,Rider,DS005,Gig,Morning,New,2025-05-27,1,True
R_DS005_135,Rider,DS005,Regular,Evening,Senior,2024-10-30,2,True
